{"_wandb":{"runtime":33},"_runtime":33.059066,"_step":4689,"train_loss":0.05246206372976303,"train_accuracy":1,"_timestamp":1.736414277448906e+09}
